,Algorithm,Qubits,Bitstring,Mean TVD,TVD Std,CoV,N Runs,Ideal Counts,Noise Counts
0,DJ,2,,0.018666666666666675,0.012242755305537416,65.58618913680756,30,{'1': 100},"{'1': 98, '0': 2}"
1,DJ,3,,0.041666666666666685,0.020524725767134915,49.25934184112377,30,{'00': 100},"{'00': 95, '10': 3, '01': 2}"
2,DJ,4,,0.054000000000000006,0.022065732521811675,40.86246763298458,30,{'000': 100},"{'000': 94, '100': 3, '010': 3}"
3,BV,2,10,0.045333333333333344,0.02145296914316223,47.32272605109315,30,{'001': 100},"{'001': 93, '000': 5, '011': 2}"
4,BV,3,100,0.09233333333333332,0.023146211924130945,25.06809955682052,30,{'0001': 100},"{'0001': 99, '0101': 1}"
5,BV,4,0001,0.09799999999999999,0.033671844372535883,34.35902486993458,30,{'01000': 100},"{'01000': 90, '01001': 3, '01100': 1, '00000': 3, '01010': 3}"
6,Grover,2,01,0.061666666666666675,0.023501039350945996,38.109793542074584,30,{'10': 100},"{'10': 96, '11': 4}"
7,Grover,3,001,0.36033333333333334,0.050342505063732716,13.971092987159865,30,"{'011': 1, '100': 99}","{'011': 5, '100': 65, '101': 8, '001': 2, '000': 8, '111': 4, '010': 5, '110': 3}"
8,Grover,4,0111,0.8253333333333335,0.04199616840760048,5.088388740823967,30,"{'1010': 1, '1111': 2, '0110': 1, '0101': 1, '1001': 1, '1110': 94}","{'1010': 9, '0001': 6, '1110': 19, '1101': 7, '1011': 5, '0010': 2, '1100': 10, '0110': 7, '0011': 6, '0000': 5, '1111': 7, '0100': 5, '0111': 2, '1000': 5, '1001': 3, '0101': 2}"
